{
	"将棋": {
		"backgroundColor": "#EECC88",
		"borderColor": "#333333",
		"field": [
			"SSSSSSSSS",
			"SSSSSSSSS",
			"SSSSSSSSS",
			"SSSSSSSSS",
			"SSSSSSSSS",
			"SSSSSSSSS",
			"SSSSSSSSS",
			"SSSSSSSSS",
			"SSSSSSSSS"
		]
	},
	"チェス": {
		"backgroundColor": "#444444",
		"borderColor": "#000000",
		"field": [
			"WBWBWBWB",
			"BWBWBWBW",
			"WBWBWBWB",
			"BWBWBWBW",
			"WBWBWBWB",
			"BWBWBWBW",
			"WBWBWBWB",
			"BWBWBWBW"
		]
	},
	"シャンチー": {
		"backgroundColor": "#EECC88",
		"borderColor": "#333333",
		"promoLineOffset": 1,
		"field": [
			"SSS<#>SSS",
			"SSS#*#SSS",
			"SSS>#<SSS",
			"SSSSSSSSS",
			"=======]=",
			"=[=======",
			"SSSSSSSSS",
			"SSS<#>SSS",
			"SSS#*#SSS",
			"SSS>#<SSS"
		]
	},
	"チャンギ": {
		"backgroundColor": "#EECC88",
		"borderColor": "#333333",
		"promoLineOffset": 1,
		"field": [
			"SSS<#>SSS",
			"SSS#*#SSS",
			"SSS>#<SSS",
			"SSSSSSSSS",
			"SSSSSSSSS",
			"SSSSSSSSS",
			"SSSSSSSSS",
			"SSS<#>SSS",
			"SSS#*#SSS",
			"SSS>#<SSS"
		]
	},
	"マークルック": {
		"backgroundColor": "#775544",
		"borderColor": "#000000",
		"field": [
			"MMMMMMMM",
			"MMMMMMMM",
			"MMMMMMMM",
			"MMMMMMMM",
			"MMMMMMMM",
			"MMMMMMMM",
			"MMMMMMMM",
			"MMMMMMMM"
		]
	},
	"どうぶつしょうぎ": {
		"backgroundColor": "#FFFFDD",
		"borderColor": "#FFDD99",
		"promoLineOffset": -2,
		"field": [
			"DDD",
			"$$$",
			"$$$",
			"ddd"
		]
	},
	"将棋5x5": {
		"backgroundColor": "#EECC88",
		"borderColor": "#333333",
		"promoLineOffset": -2,
		"field": [
			"SSSSS",
			"SSSSS",
			"SSSSS",
			"SSSSS",
			"SSSSS"
		]
	},
	"将棋7x7": {
		"backgroundColor": "#EECC88",
		"borderColor": "#333333",
		"promoLineOffset": -1,
		"field": [
			"SSSSSSS",
			"SSSSSSS",
			"SSSSSSS",
			"SSSSSSS",
			"SSSSSSS",
			"SSSSSSS",
			"SSSSSSS"
		]
	},
	"将棋10x10": {
		"backgroundColor": "#EECC88",
		"borderColor": "#333333",
		"field": [
			"SSSSSSSSSS",
			"SSSSSSSSSS",
			"SSSSSSSSSS",
			"SSSSSSSSSS",
			"SSSSSSSSSS",
			"SSSSSSSSSS",
			"SSSSSSSSSS",
			"SSSSSSSSSS",
			"SSSSSSSSSS",
			"SSSSSSSSSS"
		]
	},
	"チェス6x6": {
		"backgroundColor": "#444444",
		"borderColor": "#000000",
		"field": [
			"WBWBWB",
			"BWBWBW",
			"WBWBWB",
			"BWBWBW",
			"WBWBWB",
			"BWBWBW"
		]
	},
	"チェス10x8": {
		"backgroundColor": "#444444",
		"borderColor": "#000000",
		"field": [
			"WBWBWBWBWB",
			"BWBWBWBWBW",
			"WBWBWBWBWB",
			"BWBWBWBWBW",
			"WBWBWBWBWB",
			"BWBWBWBWBW",
			"WBWBWBWBWB",
			"BWBWBWBWBW"
		]
	},
	"チェス10x10": {
		"backgroundColor": "#444444",
		"borderColor": "#000000",
		"promoLineOffset": 2,
		"field": [
			"WBWBWBWBWB",
			"BWBWBWBWBW",
			"WBWBWBWBWB",
			"BWBWBWBWBW",
			"WBWBWBWBWB",
			"BWBWBWBWBW",
			"WBWBWBWBWB",
			"BWBWBWBWBW",
			"WBWBWBWBWB",
			"BWBWBWBWBW"
		]
	},
	"チェス12x8": {
		"backgroundColor": "#444444",
		"borderColor": "#000000",
		"field": [
			"WBWBWBWBWBWB",
			"BWBWBWBWBWBW",
			"WBWBWBWBWBWB",
			"BWBWBWBWBWBW",
			"WBWBWBWBWBWB",
			"BWBWBWBWBWBW",
			"WBWBWBWBWBWB",
			"BWBWBWBWBWBW"
		]
	},
	"チェス12x12": {
		"backgroundColor": "#444444",
		"borderColor": "#000000",
		"field": [
			"WBWBWBWBWBWB",
			"BWBWBWBWBWBW",
			"WBWBWBWBWBWB",
			"BWBWBWBWBWBW",
			"WBWBWBWBWBWB",
			"BWBWBWBWBWBW",
			"WBWBWBWBWBWB",
			"BWBWBWBWBWBW",
			"WBWBWBWBWBWB",
			"BWBWBWBWBWBW",
			"WBWBWBWBWBWB",
			"BWBWBWBWBWBW"
		]
	},
	"ごろごろどうぶつしょうぎ": {
		"backgroundColor": "#FFFFDD",
		"borderColor": "#FFDD99",
		"promoLineOffset": -1,
		"field": [
			"44444",
			"44444",
			"$$$$$",
			"$$$$$",
			"ddddd",
			"ddddd"
		]
	},
	"古将棋8x8": {
		"backgroundColor": "#EECC88",
		"borderColor": "#333333",
		"field": [
			"ssssssss",
			"ssssssss",
			"ssssssss",
			"ssssssss",
			"ssssssss",
			"ssssssss",
			"ssssssss",
			"ssssssss"
		]
	},
	"古将棋9x8": {
		"backgroundColor": "#EECC88",
		"borderColor": "#333333",
		"field": [
			"sssssssss",
			"sssssssss",
			"sssssssss",
			"sssssssss",
			"sssssssss",
			"sssssssss",
			"sssssssss",
			"sssssssss"

		]
	},
	"古将棋9x9": {
		"backgroundColor": "#EECC88",
		"borderColor": "#333333",
		"field": [
			"sssssssss",
			"sssssssss",
			"sssssssss",
			"sssssssss",
			"sssssssss",
			"sssssssss",
			"sssssssss",
			"sssssssss",
			"sssssssss"
		]
	},
	"古将棋10x10": {
		"backgroundColor": "#EECC88",
		"borderColor": "#333333",
		"promoLineOffset": 1,
		"field": [
			"ssssssssss",
			"ssssssssss",
			"ssssssssss",
			"ssssssssss",
			"ssssssssss",
			"ssssssssss",
			"ssssssssss",
			"ssssssssss",
			"ssssssssss",
			"ssssssssss"
		]
	},
	"古将棋12x12": {
		"backgroundColor": "#EECC88",
		"borderColor": "#333333",
		"promoLineOffset": 1,
		"field": [
			"ssssssssssss",
			"ssssssssssss",
			"ssssssssssss",
			"ssssssssssss",
			"ssssssssssss",
			"ssssssssssss",
			"ssssssssssss",
			"ssssssssssss",
			"ssssssssssss",
			"ssssssssssss",
			"ssssssssssss",
			"ssssssssssss"
		]
	},
	"古将棋15x15": {
		"backgroundColor": "#EECC88",
		"borderColor": "#333333",
		"promoLineOffset": 2,
		"field": [
			"sssssssssssssss",
			"sssssssssssssss",
			"sssssssssssssss",
			"sssssssssssssss",
			"sssssssssssssss",
			"sssssssssssssss",
			"sssssssssssssss",
			"sssssssssssssss",
			"sssssssssssssss",
			"sssssssssssssss",
			"sssssssssssssss",
			"sssssssssssssss",
			"sssssssssssssss",
			"sssssssssssssss",
			"sssssssssssssss"
		]
	},
	"クレージーハウス": {
		"backgroundColor": "#444444",
		"borderColor": "#000000",
		"field": [
			"wbwbwbwb",
			"bwbwbwbw",
			"wbwbwbwb",
			"bwbwbwbw",
			"wbwbwbwb",
			"bwbwbwbw",
			"wbwbwbwb",
			"bwbwbwbw"
		]
	},
	"4人チェス": {
		"backgroundColor": "#444444",
		"borderColor": "#000000",
		"promoLineOffset": 6,
		"field": [
			"...BWBWBWBW...",
			"...WBWBWBWB...",
			"...BWBWBWBW...",
			"BWBWBWBWBWBWBW",
			"WBWBWBWBWBWBWB",
			"BWBWBWBWBWBWBW",
			"WBWBWBWBWBWBWB",
			"BWBWBWBWBWBWBW",
			"WBWBWBWBWBWBWB",
			"BWBWBWBWBWBWBW",
			"WBWBWBWBWBWBWB",
			"...WBWBWBWB...",
			"...BWBWBWBW...",
			"...WBWBWBWB..."
		]
	},
	"四神将棋": {
		"backgroundColor": "#EECC88",
		"borderColor": "#333333",
		"sidePromo": true,
		"field": [
			"...SSSSSSSSS...",
			"...SSSSSSSSS...",
			"...SSSSSSSSS...",
			"SSSSSSSSSSSSSSS",
			"SSSSSSSSSSSSSSS",
			"SSSSSSSSSSSSSSS",
			"SSSSSSSSSSSSSSS",
			"SSSSSSSSSSSSSSS",
			"SSSSSSSSSSSSSSS",
			"SSSSSSSSSSSSSSS",
			"SSSSSSSSSSSSSSS",
			"SSSSSSSSSSSSSSS",
			"...SSSSSSSSS...",
			"...SSSSSSSSS...",
			"...SSSSSSSSS..."
		]
	},
	"クロス8x8": {
		"backgroundColor": "#EECC88",
		"borderColor": "#333333",
		"field": [
			"WBW<#>SS",
			"BWB#*#SS",
			"WBW>#<SS",
			"======]=",
			"=[======",
			"SS<#>BWB",
			"SS#*#WBW",
			"SS>#<BWB"
		]
	},
	"クロス9x9": {
		"backgroundColor": "#EECC88",
		"borderColor": "#333333",
		"field": [
			"XSX<#>XSX",
			"SXS#*#SXS",
			"XSX>#<XSX",
			"SSSSSSSSS",
			"=[=====]=",
			"SSSSSSSSS",
			"XSX<#>XSX",
			"SXS#*#SXS",
			"XSX>#<XSX"
		]
	},
	"クロス11x11": {
		"backgroundColor": "#EECC88",
		"borderColor": "#333333",
		"field": [
			"BWBW<#>SXSX",
			"WBWB#*#XSXS",
			"BWBW>#<SXSX",
			"SSSSSSSSSSS",
			"SSSSSSSSSSS",
			"=[=======]=",
			"SSSSSSSSSSS",
			"SSSSSSSSSSS",
			"XSXS<#>WBWB",
			"SXSX#*#BWBW",
			"XSXS>#<WBWB"
		]
	},
	"クロス12x12": {
		"backgroundColor": "#EECC88",
		"borderColor": "#333333",
		"field": [
			"BWBW<#>XSXSX",
			"WBWB#*#SXSXS",
			"BWBW>#<XSXSX",
			"SSSSSSSSSSSS",
			"SSSSSSSSSSSS",
			"==========]=",
			"=[==========",
			"SSSSSSSSSSSS",
			"SSSSSSSSSSSS",
			"XSXSX<#>WBWB",
			"SXSXS#*#BWBW",
			"XSXSX>#<WBWB"
		]
	},
	"クロス13x13": {
		"backgroundColor": "#EECC88",
		"borderColor": "#333333",
		"field": [
			"BWBWB<#>XSXSX",
			"WBWBW#*#SXSXS",
			"BWBWB>#<XSXSX",
			"SSSSSSSSSSSSS",
			"SSSSSSSSSSSSS",
			"SSSSSSSSSSSSS",
			"=[=========]=",
			"SSSSSSSSSSSSS",
			"SSSSSSSSSSSSS",
			"SSSSSSSSSSSSS",
			"XSXSX<#>BWBWB",
			"SXSXS#*#WBWBW",
			"XSXSX>#<BWBWB"
		]
	},
	"4人用クロス8列": {
		"backgroundColor": "#444444",
		"borderColor": "#000000",
		"promoLineOffset": 6,
		"field": [
			"...XSX<#>XS...",
			"...SXS#*#SX...",
			"...XSX>#<XS...",
			"XSXWBWBWBWBSXS",
			"SXSBWBWBWBWXSX",
			"<#>WB===]WBSXS",
			"#*#BW====BW<#>",
			">#<WB====WB#*#",
			"SXSBW[===BW>#<",
			"XSXWBWBWBWBSXS",
			"SXSBWBWBWBWXSX",
			"...SX<#>XSX...",
			"...XS#*#SXS...",
			"...SX>#<XSX..."
		]
	},
	"4人用クロス9列": {
		"backgroundColor": "#EECC88",
		"borderColor": "#333333",
		"promoLineOffset": 6,
		"field": [
			"...XSX<#>XSX...",
			"...SXS#*#SXS...",
			"...XSX>#<XSX...",
			"XSXBWBWBWBWBXSX",
			"SXSWBWBWBWBWSXS",
			"XSXBWB==]BWBXSX",
			"<#>WB=====BW<#>",
			"#*#BW=====WB#*#",
			">#<WB=====BW>#<",
			"XSXBWB[==BWBXSX",
			"SXSWBWBWBWBWSXS",
			"XSXBWBWBWBWBXSX",
			"...XSX<#>XSX...",
			"...SXS#*#SXS...",
			"...XSX>#<XSX..."
		]
	},
	"4人用クロス9列4行": {
		"backgroundColor": "#EECC88",
		"borderColor": "#333333",
		"promoLineOffset": 6,
		"field": [
			"....XSX<#>XSX....",
			"....SXS#*#SXS....",
			"....XSX>#<XSX....",
			"....SXSXSXSXS....",
			"XSXSBWBWBWBWBSXSX",
			"SXSXWBWBWBWBWXSXS",
			"XSXSBWB==]BWBSXSX",
			"<#>XWB=====BWX<#>",
			"#*#SBW=====WBS#*#",
			">#<XWB=====BWX>#<",
			"XSXSBWB[==BWBSXSX",
			"SXSXWBWBWBWBWXSXS",
			"XSXSBWBWBWBWBSXSX",
			"....SXSXSXSXS....",
			"....XSX<#>XSX....",
			"....SXS#*#SXS....",
			"....XSX>#<XSX...."
		]
	},
	"てがきちぇす": {
		"backgroundColor": "#444444",
		"borderColor": "#CCCCCC",
		"field": [
			"^`^`^`^`",
			"`^`^`^`^",
			"^`^`^`^`",
			"`^`^`^`^",
			"^`^`^`^`",
			"`^`^`^`^",
			"^`^`^`^`",
			"`^`^`^`^"
		]
	}
}
