{
	"将棋": {
		"english": "Shogi",
		"fontColor": "#000000",
		"backgroundColor": "#FFDDAA",
		"promoLine": 3,
		"position": {
			"5": {
				"default": [
					"歩・・・・",
					"玉金銀角飛"
				],
				"2p": [
					"歩・・・・",
					"皇金銀角飛"
				]
			},
			"7": {
				"禽将棋": [
					"・・・・燕・・",
					"燕燕燕燕燕燕燕",
					"・・・鷹・・・",
					"鶉雉鶴鵬鶴雉享"
				]
			},
			"8": {
				"default": [
					"歩歩歩歩歩歩歩歩",
					"・角・・・・飛・",
					"香桂銀玉金銀桂香"
				],
				"2p": [
					"歩歩歩歩歩歩歩歩",
					"・角・・・・飛・",
					"香桂銀皇金銀桂香"
				],
				"平安将棋": [
					"歩歩歩歩歩歩歩歩",
					"・・・・・・・・",
					"香桂銀玉金銀桂香"
				]
			},
			"9": {
				"default": [
					"歩歩歩歩歩歩歩歩歩",
					"・角・・・・・飛・",
					"香桂銀金玉金銀桂香"
				],
				"2p": [
					"歩歩歩歩歩歩歩歩歩",
					"・角・・・・・飛・",
					"香桂銀金皇金銀桂香"
				],
				"小京将棋(左置換)": [
					"歩歩歩歩歩歩歩歩歩",
					"・角・・・・・飛・",
					"香京銀金玉金銀桂香"
				],
				"小京将棋(左置換)2p": [
					"歩歩歩歩歩歩歩歩歩",
					"・角・・・・・飛・",
					"香京銀金皇金銀桂香"
				],
				"小京将棋(右置換)": [
					"歩歩歩歩歩歩歩歩歩",
					"・角・・・・・飛・",
					"香桂銀金玉金銀京香"
				],
				"小京将棋(右置換)2p": [
					"歩歩歩歩歩歩歩歩歩",
					"・角・・・・・飛・",
					"香桂銀金皇金銀京香"
				],
				"山車将棋(左置換)": [
					"歩歩歩歩歩歩歩歩歩",
					"・角・・・・・飛・",
					"山桂銀金玉金銀桂香"
				],
				"山車将棋(左置換)2p": [
					"歩歩歩歩歩歩歩歩歩",
					"・角・・・・・飛・",
					"山桂銀金皇金銀桂香"
				],
				"山車将棋(右置換)": [
					"歩歩歩歩歩歩歩歩歩",
					"・角・・・・・飛・",
					"香桂銀金玉金銀桂山"
				],
				"山車将棋(右置換)2p": [
					"歩歩歩歩歩歩歩歩歩",
					"・角・・・・・飛・",
					"香桂銀金皇金銀桂山"
				],
				"銅将棋(左置換)": [
					"歩歩歩歩歩歩歩歩歩",
					"・角・・・・・飛・",
					"香桂銅金玉金銀桂香"
				],
				"銅将棋(左置換)2p": [
					"歩歩歩歩歩歩歩歩歩",
					"・角・・・・・飛・",
					"香桂銅金皇金銀桂香"
				],
				"銅将棋(右置換)": [
					"歩歩歩歩歩歩歩歩歩",
					"・角・・・・・飛・",
					"香桂銀金玉金銅桂香"
				],
				"銅将棋(右置換)2p": [
					"歩歩歩歩歩歩歩歩歩",
					"・角・・・・・飛・",
					"香桂銀金皇金銅桂香"
				],
				"金翅将棋(左置換)": [
					"歩歩歩歩歩歩歩歩歩",
					"・角・・・・・飛・",
					"香桂銀翅玉金銀桂香"
				],
				"金翅将棋(左置換)2p": [
					"歩歩歩歩歩歩歩歩歩",
					"・角・・・・・飛・",
					"香桂銀翅皇金銀桂香"
				],
				"金翅将棋(右置換)": [
					"歩歩歩歩歩歩歩歩歩",
					"・角・・・・・飛・",
					"香桂銀金玉翅銀桂香"
				],
				"金翅将棋(右置換)2p": [
					"歩歩歩歩歩歩歩歩歩",
					"・角・・・・・飛・",
					"香桂銀金皇翅銀桂香"
				],
				"金斗将棋(左置換)": [
					"歩歩歩歩歩歩歩歩歩",
					"・角・・・・・飛・",
					"香桂銀斗玉金銀桂香"
				],
				"金斗将棋(左置換)2p": [
					"歩歩歩歩歩歩歩歩歩",
					"・角・・・・・飛・",
					"香桂銀斗皇金銀桂香"
				],
				"金斗将棋(右置換)": [
					"歩歩歩歩歩歩歩歩歩",
					"・角・・・・・飛・",
					"香桂銀金玉斗銀桂香"
				],
				"金斗将棋(右置換)2p": [
					"歩歩歩歩歩歩歩歩歩",
					"・角・・・・・飛・",
					"香桂銀金皇斗銀桂香"
				],
				"将棋30++(左系フル置換)": [
					"歩歩歩歩歩歩歩歩歩",
					"・角・・・・・飛・",
					"山京銅翅玉金銀桂香"
				],
				"将棋30++(左系フル置換)2p": [
					"歩歩歩歩歩歩歩歩歩",
					"・角・・・・・飛・",
					"山京銅翅皇金銀桂香"
				],
				"将棋30++(右系フル置換)": [
					"歩歩歩歩歩歩歩歩歩",
					"・角・・・・・飛・",
					"香桂銀金玉翅銅京山"
				],
				"将棋30++(右系フル置換)2p": [
					"歩歩歩歩歩歩歩歩歩",
					"・角・・・・・飛・",
					"香桂銀金皇翅銅京山"
				],
				"小将棋": [
					"歩歩歩歩歩歩歩歩歩",
					"・角・・醉・・飛・",
					"香桂銀金玉金銀桂香"
				],
				"小将棋2p": [
					"歩歩歩歩歩歩歩歩歩",
					"・角・・醉・・飛・",
					"香桂銀金皇金銀桂香"
				],
				"獅子将棋": [
					"歩歩歩歩歩歩歩歩歩",
					"・碼・獅醉奔・竜・",
					"馨麒艮釡玉釡艮鳳馨"
				],
				"獅子将棋2p": [
					"歩歩歩歩歩歩歩歩歩",
					"・碼・獅醉奔・竜・",
					"馨麒艮釡皇釡艮鳳馨"
				],
				"禽将棋": [
					"・・・・・・燕・・",
					"燕燕燕燕燕燕燕燕燕",
					"・・・鷹・鷹・・・",
					"鶉雉鶴・鵬・鶴雉享"
				],
				"p4": [
					"・・・・歩・・・・",
					"・・・歩飛歩・・・",
					"・・銀金玉金銀・・"
				],
				"平安将棋": [
					"歩歩歩歩歩歩歩歩歩",
					"・・・・・・・・・",
					"香桂銀金玉金銀桂香"
				]
			},
			"10": {
				"京将棋(左京配置)": [
					"歩歩歩歩歩歩歩歩歩歩",
					"・角・・・銅・・飛・",
					"香桂京銀金玉金銀桂香"
				],
				"京将棋(左京配置)2p": [
					"歩歩歩歩歩歩歩歩歩歩",
					"・角・・・銅・・飛・",
					"香桂京銀金皇金銀桂香"
				],
				"京将棋(右京配置)": [
					"歩歩歩歩歩歩歩歩歩歩",
					"・角・・銅・・・飛・",
					"香桂銀金玉金銀京桂香"
				],
				"京将棋(右京配置)2p": [
					"歩歩歩歩歩歩歩歩歩歩",
					"・角・・銅・・・飛・",
					"香桂銀金皇金銀京桂香"
				],
				"平成将棋": [
					"・・仲・・・・仲・・",
					"歩歩歩歩歩歩歩歩歩歩",
					"横飛角・獅奔・角飛横",
					"竪麒艮釡玉醉釡艮鳳竪"
				],
				"平成将棋2p": [
					"・・仲・・・・仲・・",
					"歩歩歩歩歩歩歩歩歩歩",
					"横飛角・獅奔・角飛横",
					"竪麒艮釡皇醉釡艮鳳竪"
				],
				"御妃将棋": [
					"歩歩歩歩歩歩歩歩歩歩",
					"・角・・・・・・飛・",
					"返跳銀金女玉金銀跳返"
				],
				"御妃将棋2p": [
					"歩歩歩歩歩歩歩歩歩歩",
					"・角・・・・・・飛・",
					"返跳銀金女皇金銀跳返"
				]
			},
			"12": {
				"中将棋": [
					"・・・仲・・・・仲・・・",
					"歩歩歩歩歩歩歩歩歩歩歩歩",
					"横竪飛碼竜獅奔竜碼飛竪横",
					"反・角・虎麒鳳虎・角・反",
					"馨猛同艮釡玉醉釡艮同猛馨"
				],
				"中将棋2p": [
					"・・・仲・・・・仲・・・",
					"歩歩歩歩歩歩歩歩歩歩歩歩",
					"横竪飛碼竜獅奔竜碼飛竪横",
					"反・角・虎麒鳳虎・角・反",
					"馨猛同艮釡皇醉釡艮同猛馨"
				]
			},
			"14": {
				"p4": [

					"・・・歩歩歩歩歩歩歩歩・・・",
					"・・・・角・・・・飛・・・・",
					"・・・香桂銀玉金銀桂香・・・"
				]
			},
			"15": {
				"p4": [
					"・・・歩歩歩歩歩歩歩歩歩・・・",
					"・・・・角・・・・・飛・・・・",
					"・・・香桂銀金玉金銀桂香・・・"
				],
				"大将棋": [
					"・・・・仲・・・・・仲・・・・",
					"歩歩歩歩歩歩歩歩歩歩歩歩歩歩歩",
					"飛瀧横竪角碼竜奔竜碼角竪横瀧飛",
					"・丑・嗔・狼麒獅鳳狼・嗔・丑・",
					"反・猫・猛・虎醉虎・猛・猫・反",
					"馨桂石鉄同艮釡玉釡艮同鉄石桂馨"
				],
				"大将棋2p": [
					"・・・・仲・・・・・仲・・・・",
					"歩歩歩歩歩歩歩歩歩歩歩歩歩歩歩",
					"飛瀧横竪角碼竜奔竜碼角竪横瀧飛",
					"・丑・嗔・狼麒獅鳳狼・嗔・丑・",
					"反・猫・猛・虎醉虎・猛・猫・反",
					"馨桂石鉄同艮釡皇釡艮同鉄石桂馨"
				]
			},
			"17": {
				"p4": [
					"・・・・歩歩歩歩歩歩歩歩歩・・・・",
					"・・・・・角・・・・・飛・・・・・",
					"・・・・香桂銀金玉金銀桂香・・・・"
				]
			}
		}
	},
	"チェス": {
		"english": "Chess",
		"fontColor": "#FFFFFF",
		"backgroundColor": "#000000",
		"promoLine": 1,
		"position": {
			"6": {
				"default": [
					"丘丘丘丘丘丘",
					"塔騎后王騎塔"
				],
				"2p": [
					"丘丘丘丘丘丘",
					"塔騎帝后騎塔"
				]
			},
			"8": {
				"default": [
					"兵兵兵兵兵兵兵兵",
					"塔騎聖后王聖騎塔"
				],
				"2p": [
					"兵兵兵兵兵兵兵兵",
					"塔騎聖帝后聖騎塔"
				],
				"てがきちぇす": [
					"ぽぽぽぽぽぽぽぽ",
					"るなびくおびなる"
				],
				"てがきちぇす2p": [
					"ポポポポポポポポ",
					"ルナビオクビナル"
				]
			},
			"9": {
				"default": [
					"兵兵兵兵兵兵兵兵兵",
					"塔騎聖后・王聖騎塔"
				],
				"2p": [
					"兵兵兵兵兵兵兵兵兵",
					"塔騎聖帝・后聖騎塔"
				]
			},
			"10": {
				"カパブランカチェス": [
					"浜浜浜浜浜浜浜浜浜浜",
					"塔騎駮聖后国聖駆騎塔"
				],
				"カパブランカチェス2p": [
					"浜浜浜浜浜浜浜浜浜浜",
					"塔騎駆聖國后聖駮騎塔"
				],
				"グランドチェス": [
					"浜浜浜浜浜浜浜浜浜浜",
					"・騎聖后王駆駮聖騎・",
					"塔・・・・・・・・塔"
				],
				"グランドチェス2p": [
					"浜浜浜浜浜浜浜浜浜浜",
					"・騎聖駮駆帝后聖騎・",
					"塔・・・・・・・・塔"
				]
			},
			"12": {
				"GrantAcedrex": [
					"梹梹梹梹梹梹梹梹梹梹梹梹",
					"・・・・・・・・・・・・",
					"・・・・・・・・・・・・",
					"砦師犀麟鰐鴻呈鰐麟犀師砦"
				],
				"GrantAcedrex2p": [
					"梹梹梹梹梹梹梹梹梹梹梹梹",
					"・・・・・・・・・・・・",
					"・・・・・・・・・・・・",
					"砦師犀麟鰐逞鴻鰐麟犀師砦"
				],
				"クーリエチェス(初期配置)": [
					"鋲鋲鋲鋲鋲鋲鋲鋲鋲鋲鋲鋲",
					"砦騎射使賢閏妾佯使射騎砦"
				],
				"クーリエチェス(初期配置)2p": [
					"鋲鋲鋲鋲鋲鋲鋲鋲鋲鋲鋲鋲",
					"砦騎射使佯妾潤賢使射騎砦"
				],
				"クーリエチェス(定形配置)": [
					"鋲・・・・・鋲・・・・鋲",
					"・・・・・・妾・・・・・",
					"・鋲鋲鋲鋲鋲・鋲鋲鋲鋲・",
					"砦騎射使賢閏・佯使射騎砦"
				],
				"クーリエチェス(定形配置)2p": [
					"鋲・・・・鋲・・・・・鋲",
					"・・・・・妾・・・・・・",
					"・鋲鋲鋲鋲・鋲鋲鋲鋲鋲・",
					"砦騎射使佯・潤賢使射騎砦"
				]
			},
			"14": {
				"p4": [
					"・・・兵兵兵兵兵兵兵兵・・・",
					"・・・塔騎聖后王聖騎塔・・・"
				]
			},
			"15": {
				"p4": [
					"・・・兵兵兵兵兵兵兵兵兵・・・",
					"・・・塔騎聖后・王聖騎塔・・・"
				]
			},
			"17": {
				"p4": [
					"・・・・兵兵兵兵兵兵兵兵兵・・・・",
					"・・・・塔騎聖后・王聖騎塔・・・・"
				]
			}
		}
	},
	"シャンチー": {
		"english": "Xiangqi",
		"fontColor": "#BB1100",
		"backgroundColor": "#FFDD77",
		"promoLine": 4,
		"position": {
			"8": {
				"default": [
					"卒・卒卒・卒・卒",
					"・炮・・・・炮・",
					"・・・・・・・・",
					"俥馮相帥仕相馮俥"
				],
				"2p": [
					"卒・卒・卒卒・卒",
					"・炮・・・・炮・",
					"・・・・・・・・",
					"俥馮相仕將相馮俥"
				]
			},
			"9": {
				"default": [
					"卒・卒・卒・卒・卒",
					"・炮・・・・・炮・",
					"・・・・・・・・・",
					"俥馮相仕帥仕相馮俥"
				],
				"2p": [
					"卒・卒・卒・卒・卒",
					"・炮・・・・・炮・",
					"・・・・・・・・・",
					"俥馮相仕將仕相馮俥"
				]
			},
			"14": {
				"p4": [
					"・・・卒・卒卒・卒・卒・・・",
					"・・・・炮・・・・炮・・・・",
					"・・・俥相馮帥仕馮相俥・・・"
				]
			},
			"15": {
				"p4": [
					"・・・卒・卒・卒・卒・卒・・・",
					"・・・・炮・・・・・炮・・・・",
					"・・・俥相馮仕帥仕馮相俥・・・"
				]
			},
			"17": {
				"p4": [
					"・・・・卒・卒・卒・卒・卒・・・・",
					"・・・・・炮・・・・・炮・・・・・",
					"・・・・・・・・・・・・・・・・・",
					"・・・・俥馮相仕帥仕相馮俥・・・・"
				]
			}
		}
	},
	"チャンギ": {
		"english": "Janggi",
		"fontColor": "#008800",
		"backgroundColor": "#FFFFFF",
		"position": {
			"8": {
				"default": [
					"卆・卆卆・卆・卆",
					"・包・・・・包・",
					"・・・楚・・・・",
					"車馭象・士象馭車"
				],
				"2p": [
					"卆・卆・卆卆・卆",
					"・包・・・・包・",
					"・・・・漢・・・",
					"車馭象士・象馭車"
				],
				"左象配置": [
					"卆・卆卆・卆・卆",
					"・包・・・・包・",
					"・・・楚・・・・",
					"車象馭・士象馭車"
				],
				"左象配置2p": [
					"卆・卆・卆卆・卆",
					"・包・・・・包・",
					"・・・・漢・・・",
					"車象馭士・象馭車"
				],
				"右象配置": [
					"卆・卆卆・卆・卆",
					"・包・・・・包・",
					"・・・楚・・・・",
					"車馭象・士馭象車"
				],
				"右象配置2p": [
					"卆・卆・卆卆・卆",
					"・包・・・・包・",
					"・・・・漢・・・",
					"車馭象士・馭象車"
				],
				"外象配置": [
					"卆・卆卆・卆・卆",
					"・包・・・・包・",
					"・・・楚・・・・",
					"車象馭・士馭象車"
				],
				"外象配置2p": [
					"卆・卆・卆卆・卆",
					"・包・・・・包・",
					"・・・・漢・・・",
					"車象馭士・馭象車"
				]
			},
			"9": {
				"default": [
					"卆・卆・卆・卆・卆",
					"・包・・・・・包・",
					"・・・・楚・・・・",
					"車馭象士・士象馭車"
				],
				"2p": [
					"卆・卆・卆・卆・卆",
					"・包・・・・・包・",
					"・・・・漢・・・・",
					"車馭象士・士象馭車"
				],
				"左象配置": [
					"卆・卆・卆・卆・卆",
					"・包・・・・・包・",
					"・・・・楚・・・・",
					"車象馭士・士象馭車"
				],
				"左象配置2p": [
					"卆・卆・卆・卆・卆",
					"・包・・・・・包・",
					"・・・・漢・・・・",
					"車象馭士・士象馭車"
				],
				"右象配置": [
					"卆・卆・卆・卆・卆",
					"・包・・・・・包・",
					"・・・・楚・・・・",
					"車馭象士・士馭象車"
				],
				"右象配置2p": [
					"卆・卆・卆・卆・卆",
					"・包・・・・・包・",
					"・・・・漢・・・・",
					"車馭象士・士馭象車"
				],
				"外象配置": [
					"卆・卆・卆・卆・卆",
					"・包・・・・・包・",
					"・・・・楚・・・・",
					"車象馭士・士馭象車"
				],
				"外象配置2p": [
					"卆・卆・卆・卆・卆",
					"・包・・・・・包・",
					"・・・・漢・・・・",
					"車象馭士・士馭象車"
				]
			},
			"14": {
				"p4": [
					"・・・卆・卆卆・卆・卆・・・",
					"・・・・包・楚・・包・・・・",
					"・・・車象馭・士馭象車・・・"
				]
			},
			"15": {
				"p4": [
					"・・・卆・卆・卆・卆・卆・・・",
					"・・・・包・・楚・・包・・・・",
					"・・・車象馭士・士馭象車・・・"
				]
			},
			"17": {
				"p4": [
					"・・・・卆・卆・卆・卆・卆・・・・",
					"・・・・・包・・・・・包・・・・・",
					"・・・・・・・・楚・・・・・・・・",
					"・・・・車馭象士・士象馭車・・・・"
				]
			}
		}
	},
	"マークルック": {
		"english": "Makruk",
		"fontColor": "#FFFFFF",
		"backgroundColor": "#CC2222",
		"promoLine": 3,
		"position": {
			"8": {
				"default": [
					"貝貝貝貝貝貝貝貝",
					"・・・・・・・・",
					"船瑪根君種根瑪船"
				],
				"2p": [
					"貝貝貝貝貝貝貝貝",
					"・・・・・・・・",
					"船瑪根公種根瑪船"
				]
			},
			"9": {
				"default": [
					"貝貝貝貝貝貝貝貝貝",
					"・・・・・・・・・",
					"船瑪根種君種根瑪船"
				],
				"2p": [
					"貝貝貝貝貝貝貝貝貝",
					"・・・・・・・・・",
					"船瑪根種公種根瑪船"
				]
			},
			"14": {
				"p4": [
					"・・・貝貝貝貝貝貝貝貝・・・",
					"・・・・・・・・・・・・・・",
					"・・・船瑪根君種根瑪船・・・"
				]
			},
			"15": {
				"p4": [
					"・・・貝貝貝貝貝貝貝貝貝・・・",
					"・・・・・・・・・・・・・・・",
					"・・・船瑪根種君種根瑪船・・・"
				]
			},
			"17": {
				"p4": [
					"・・・・貝貝貝貝貝貝貝貝貝・・・・",
					"・・・・・・・・・・・・・・・・・",
					"・・・・船瑪根種君種根瑪船・・・・"
				]
			}
		}
	},
	"チャトランガ": {
		"english": "Chaturanga",
		"fontColor": "#666666",
		"backgroundColor": "#FFFFEE",
		"promoLine": -1,
		"position": {
			"8": {
				"default": [
					"木火天央大天火木",
					"戦午像主臣像午戦"
				],
				"2p": [
					"木火天央大天火木",
					"戦午像柱臣像午戦"
				],
				"p4": [
					"矢火本央・・・・",
					"舟午豕主・・・・"
				]
			},
			"9": {
				"default": [
					"木火天大央大天火木",
					"戦午像臣主臣像午戦"
				],
				"2p": [
					"木火天大央大天火木",
					"戦午像臣柱臣像午戦"
				]
			},
			"14": {
				"p4": [
					"・・・木火天央大天火木・・・",
					"・・・戦午像主臣像午戦・・・"
				]
			},
			"15": {
				"p4": [
					"・・・木火天大央大天火木・・・",
					"・・・戦午像臣主臣像午戦・・・"
				]
			},
			"17": {
				"p4": [
					"・・・・木火天大央大天火木・・・・",
					"・・・・戦午像臣主臣像午戦・・・・"
				]
			}
		}
	},
	"どうぶつしょうぎ": {
		"english": "DobutsuShogi",
		"fontColor": "#666666",
		"backgroundColor": "#DDCCFF",
		"promoLine": -3,
		"position": {
			"3": {
				"default": [
					"・ひ・",
					"きラぞ"
				]
			},
			"5": {
				"default": [
					"・ひひひ・",
					"・・・・・",
					"ねいらいね"
				]
			}
		}
	}
}
