{
	"女": 54,
	"獅": 44,
	"后": 36,
	"奔": 36,
	"駆": 36,
	"駮": 34,
	"麟": 32,
	"鴻": 32,
	"飛": 28,
	"竜": 28,
	"碼": 24,
	"塔": 22,
	"車": 22,
	"俥": 20,
	"船": 20,
	"戦": 20,
	"豕": 20,
	"角": 20,
	"跳": 20,
	"砦": 20,
	"醉": 18,
	"鷹": 18,
	"鶉": 18,
	"享": 18,
	"翅": 16,
	"斗": 16,
	"返": 16,
	"聖": 14,
	"騎": 14,
	"瑪": 14,
	"午": 14,
	"金": 14,
	"横": 14,
	"竪": 14,
	"麒": 14,
	"鳳": 14,
	"い": 14,
	"鶴": 14,
	"鰐": 14,
	"銀": 12,
	"炮": 12,
	"ね": 12,
	"反": 12,
	"虎": 12,
	"包": 10,
	"根": 10,
	"像": 10,
	"舟": 10,
	"釡": 10,
	"雉": 10,
	"桂":  8,
	"京":  8,
	"銅":  8,
	"山":  8,
	"馮":  8,
	"馭":  8,
	"馨":  8,
	"猛":  8,
	"香":  7,
	"種":  7,
	"臣":  7,
	"き":  7,
	"ぞ":  7,
	"同":  7,
	"象":  5,
	"士":  5,
	"相":  4,
	"仕":  4,
	"卆":  4,
	"仲":  4,
	"歩":  3,
	"兵":  3,
	"浜":  3,
	"ひ":  2,
	"燕":  2,
	"丘":  2,
	"梹":  2,
	"貝":  2,
	"卒":  2,
	"火":  2,
	"天":  2,
	"矢":  2,
	"木":  2,
	"本":  2,
	"大":  2,
	"央":  2,
	"ラ":  0,
	"鵬": -4,
	"玉": -8,
	"ら": -8,
	"王":-12,
	"国":-12,
	"呈":-12,
	"君":-16,
	"主":-18,
	"楚":-24,
	"帥":-28
}
