{
	"〇": [
		".......",
		".......",
		".......",
		"...O...",
		".......",
		".......",
		"......."
	],
	"歩": [
		".......",
		".......",
		"...A...",
		"...O...",
		".......",
		".......",
		"......."
	],
	"兵": [
		".......",
		".......",
		"..A.A..",
		"...O...",
		".......",
		".......",
		"......."
	],
	"二": [
		".......",
		"...A...",
		"...a...",
		"...O...",
		".......",
		".......",
		"......."
	],
	"通": [
		".......",
		".......",
		".......",
		"..AOA..",
		".......",
		".......",
		"......."
	],
	"弐": [
		".......",
		"...A...",
		".......",
		"...O...",
		".......",
		".......",
		"......."
	],
	"卒": [
		".......",
		".......",
		"...A...",
		"..AOA..",
		".......",
		".......",
		"......."
	],
	"鴈": [
		".......",
		".A...A.",
		".......",
		"...O...",
		".......",
		"...A...",
		"......."
	],
	"仲": [
		".......",
		".......",
		"...A...",
		"...O...",
		"...A...",
		".......",
		"......."
	],
	"鉄": [
		".......",
		".......",
		"..AAA..",
		"...O...",
		".......",
		".......",
		"......."
	],
	"桂": [
		".......",
		"..A.A..",
		".......",
		"...O...",
		".......",
		".......",
		"......."
	],
	"京": [
		"..A.A..",
		".......",
		".......",
		"...O...",
		".......",
		".......",
		"......."
	],
	"騎": [
		".......",
		"..A.A..",
		".A...A.",
		"...O...",
		".A...A.",
		"..A.A..",
		"......."
	],
	"馮": [
		".......",
		"..A.A..",
		".D.a.B.",
		"..dOb..",
		".D.c.B.",
		"..C.C..",
		"......."
	],
	"雉": [
		".......",
		"...A...",
		".......",
		"...O...",
		"..A.A..",
		".......",
		"......."
	],
	"師": [
		".......",
		"..AAA..",
		".A...A.",
		".A.O.A.",
		".A...A.",
		"..AAA..",
		"......."
	],
	"犀": [
		".*...*.",
		"*.o.o.*",
		".o...o.",
		"...O...",
		".o...o.",
		"*.o.o.*",
		".*...*."
	],
	"ぞ": [
		".......",
		".......",
		"..A.A..",
		"...O...",
		"..A.A..",
		".......",
		"......."
	],
	"銀": [
		".......",
		".......",
		"..AAA..",
		"...O...",
		"..A.A..",
		".......",
		"......."
	],
	"像": [
		".......",
		".A...A.",
		".......",
		"...O...",
		".......",
		".A...A.",
		"......."
	],
	"相": [
		".......",
		".A...B.",
		"..a.b..",
		"...O...",
		"..d.c..",
		".D...C.",
		"......."
	],
	"象": [
		".E...F.",
		"L.e.f.G",
		".l.a.g.",
		"..dOb..",
		".k.c.h.",
		"K.j.i.H",
		".J...I."
	],
	"麒": [
		".......",
		"...A...",
		"..A.A..",
		".A.O.A.",
		"..A.A..",
		"...A...",
		"......."
	],
	"鳳": [
		".......",
		".A...A.",
		"...A...",
		"..AOA..",
		"...A...",
		".A...A.",
		"......."
	],
	"聖": [
		".......",
		".......",
		"..*.*..",
		"...O...",
		"..*.*..",
		".......",
		"......."
	],
	"麟": [
		".A...A.",
		"A.....A",
		".......",
		"...O...",
		".......",
		"A.....A",
		".A...A."
	],
	"瀧": [
		".......",
		".......",
		"..2.2..",
		"...O...",
		"..2.2...",
		".......",
		"......."
	],
	"き": [
		".......",
		".......",
		"...A...",
		"..AOA..",
		"...A...",
		".......",
		"......."
	],
	"香": [
		".......",
		".......",
		"...*...",
		"...O...",
		".......",
		".......",
		"......."
	],
	"車": [
		".......",
		".......",
		"...*...",
		"..*O*..",
		"...*...",
		".......",
		"......."
	],
	"砲": [
		".......",
		".......",
		"...+...",
		"..+O+..",
		"...+...",
		"......",
		"......."
	],
	"弓": [
		".......",
		".......",
		"..+.+..",
		"...O...",
		"..+.+..",
		"......",
		"......."
	],
	"反": [
		".......",
		".......",
		"...*...",
		"...O...",
		"...*...",
		".......",
		"......."
	],
	"鶉": [
		".......",
		".......",
		"...*...",
		"...O...",
		"..A.*..",
		".......",
		"......."
	],
	"享": [
		".......",
		".......",
		"...*...",
		"...O...",
		"..*.A..",
		".......",
		"......."
	],
	"横": [
		".......",
		".......",
		"...A...",
		"..*O*..",
		"...A...",
		".......",
		"......."
	],
	"竪": [
		".......",
		".......",
		"...*...",
		"..AOA..",
		"...*...",
		".......",
		"......."
	],
	"丑": [
		".......",
		".......",
		"...2...",
		"..2O2..",
		"...2...",
		".......",
		"......."
	],
	"山": [
		".......",
		"...A...",
		"...*...",
		"...O...",
		".......",
		".......",
		"......."
	],
	"鴻": [
		".......",
		"..*.*..",
		".*o.o*.",
		"...O...",
		".*o.o*.",
		"..*.*..",
		"......."
	],
	"金": [
		".......",
		".......",
		"..AAA..",
		"..AOA..",
		"...A...",
		".......",
		"......."
	],
	"銅": [
		".......",
		".......",
		"..AAA..",
		"...O...",
		"...A...",
		".......",
		"......."
	],
	"馬": [
		".......",
		".......",
		"..*A*..",
		"..AOA..",
		"..*A*..",
		".......",
		"......."
	],
	"竜": [
		".......",
		".......",
		"..A*A..",
		"..*O*..",
		"..A*A..",
		".......",
		"......."
	],
	"醉": [
		".......",
		".......",
		"..AAA..",
		"..AOA..",
		"..A.A..",
		".......",
		"......."
	],
	"后": [
		".......",
		".......",
		"..***..",
		"..*O*..",
		"..***..",
		".......",
		"......."
	],
	"駆": [
		".......",
		"..A.A..",
		".A.*.A.",
		"..*O*..",
		".A.*.A.",
		"..A.A..",
		"......."
	],
	"駮": [
		".......",
		"..A.A..",
		".A*.*A.",
		"...O...",
		".A*.*A.",
		"..A.A..",
		"......."
	],
	"雕": [
		".......",
		".......",
		"..*A*..",
		"..AOA..",
		"..2*2..",
		".......",
		"......."
	],
	"猛": [
		".......",
		".......",
		"..AAA..",
		"...O...",
		"..AAA..",
		".......",
		"......."
	],
	"虎": [
		".......",
		".......",
		"..A.A..",
		"..AOA..",
		"..AAA..",
		".......",
		"......."
	],
	"獅": [
		".......",
		".AAAAA.",
		".AAAAA.",
		".AAOAA.",
		".AAAAA.",
		".AAAAA.",
		"......."
	],
	"駒": [
		".......",
		".......",
		"..***..",
		"...O...",
		"...*...",
		".......",
		"......."
	],
	"鯨": [
		".......",
		".......",
		"...*...",
		"...O...",
		"..***..",
		".......",
		"......."
	],
	"鹿": [
		".......",
		".......",
		"..A*A..",
		"..AOA..",
		"..A*A..",
		".......",
		"......."
	],
	"猪": [
		".......",
		".......",
		"..*.*..",
		"..*O*..",
		"..*.*..",
		".......",
		"......."
	],
	"牛": [
		".......",
		".......",
		"..***..",
		"...O...",
		"..***..",
		".......",
		"......."
	],
	"鷂": [
		".......",
		"...A...",
		"..*A*..",
		"..*O*..",
		"..***..",
		".......",
		"......."
	],
	"鷲": [
		".......",
		".A...A.",
		"..A*A..",
		"..*O*..",
		"..***..",
		".......",
		"......."
	],
	"狼": [
		".......",
		".......",
		"..AAA..",
		"..AOA..",
		".......",
		".......",
		"......."
	],
	"翅": [
		".......",
		".......",
		"..AAA..",
		"..AOA..",
		"..AA...",
		".......",
		"......."
	],
	"斗": [
		".......",
		".......",
		"..AAA..",
		"..AOA..",
		"...AA..",
		".......",
		"......."
	],
	"王": [
		".......",
		".......",
		"..AAA..",
		"..AOA..",
		"..AAA..",
		".......",
		"......."
	],
	"城": [
		".......",
		".......",
		".......",
		".BbOaA.",
		".......",
		".......",
		"......."
	],
	"国": [
		".......",
		".......",
		".......",
		"BbbOaaA",
		".......",
		".......",
		"......."
	],
	"塔": [
		".......",
		".......",
		".......",
		"..|O|..",
		".......",
		".......",
		"......."
	],
	"呈": [
		".......",
		".A.A.A.",
		".......",
		".A.O.A.",
		".......",
		".A.A.A.",
		"......."
	]
}